{
  "mlx_snn": {
    "accs": [
      0.9171,
      0.9153,
      0.9254,
      0.9343,
      0.9355,
      0.9346,
      0.9412,
      0.9417,
      0.942,
      0.9424,
      0.9473,
      0.9453,
      0.948,
      0.9494,
      0.9477
    ],
    "times": [
      5.665613174438477,
      5.469191789627075,
      4.641386985778809,
      4.27174186706543,
      4.3685081005096436,
      4.336589813232422,
      4.681287050247192,
      5.1568520069122314,
      5.021177291870117,
      4.554888010025024,
      4.504786968231201,
      4.316646099090576,
      5.197793960571289,
      5.228785753250122,
      4.782715082168579
    ],
    "final_acc": 0.9477,
    "best_acc": 0.9494,
    "total_time": 72.19796395301819,
    "avg_epoch_time": 4.813197596867879,
    "peak_memory_mb": 55.676307678222656
  },
  "snntorch_mps": {
    "accs": [
      0.9598,
      0.9677,
      0.9646,
      0.9699,
      0.9663,
      0.9695,
      0.9683,
      0.9719,
      0.969,
      0.9652,
      0.9683,
      0.9687,
      0.9705,
      0.9698,
      0.9665
    ],
    "times": [
      11.631829977035522,
      11.300787925720215,
      9.500535726547241,
      10.009691953659058,
      10.28194785118103,
      9.570244073867798,
      9.696064949035645,
      9.45839786529541,
      9.46560788154602,
      9.773043870925903,
      9.55364203453064,
      9.515096664428711,
      9.999661684036255,
      9.545109987258911,
      9.29715085029602
    ],
    "final_acc": 0.9665,
    "best_acc": 0.9719,
    "total_time": 148.59881329536438,
    "avg_epoch_time": 9.906587553024291,
    "peak_memory_mb": 177.015625
  },
  "snntorch_cpu": {
    "accs": [
      0.9565,
      0.9615,
      0.9667,
      0.9701,
      0.97,
      0.9713,
      0.9624,
      0.9661,
      0.9708,
      0.9706,
      0.9611,
      0.9685,
      0.9668,
      0.9652,
      0.9687
    ],
    "times": [
      10.599817991256714,
      10.392941951751709,
      11.13351583480835,
      10.459553003311157,
      10.347893953323364,
      11.849330186843872,
      10.23092007637024,
      11.33997106552124,
      10.776522159576416,
      11.04025912284851,
      11.43224287033081,
      11.000472784042358,
      11.824167013168335,
      10.856641054153442,
      10.907898187637329
    ],
    "final_acc": 0.9687,
    "best_acc": 0.9713,
    "total_time": 164.19214725494385,
    "avg_epoch_time": 10.94614315032959,
    "peak_memory_mb": -1
  }
}