{
  "C1": {
    "mlx": {
      "best_acc": 0.9728,
      "final_acc": 0.9728,
      "total_time": 101.09331583976746,
      "avg_epoch": 4.0437326335906985,
      "peak_mb": 74.32463073730469
    },
    "mps": {
      "best_acc": 0.98,
      "final_acc": 0.9777,
      "total_time": 218.87837076187134,
      "avg_epoch": 8.755134830474853,
      "peak_mb": 240.53125
    },
    "cpu": {
      "best_acc": 0.9801,
      "final_acc": 0.9756,
      "total_time": 318.83933782577515,
      "avg_epoch": 12.753573513031006,
      "peak_mb": -1
    }
  },
  "C2": {
    "mlx": {
      "best_acc": 0.9702,
      "final_acc": 0.9699,
      "total_time": 107.2500684261322,
      "avg_epoch": 4.290002737045288,
      "peak_mb": 74.32463073730469
    },
    "mps": {
      "best_acc": 0.9803,
      "final_acc": 0.9781,
      "total_time": 223.29204487800598,
      "avg_epoch": 8.93168179512024,
      "peak_mb": 240.53125
    },
    "cpu": {
      "best_acc": 0.9797,
      "final_acc": 0.9785,
      "total_time": 336.462771654129,
      "avg_epoch": 13.458510866165161,
      "peak_mb": -1
    }
  },
  "C3": {
    "mlx": {
      "best_acc": 0.9691,
      "final_acc": 0.9649,
      "total_time": 59.41277360916138,
      "avg_epoch": 2.376510944366455,
      "peak_mb": 137.5839080810547
    },
    "mps": {
      "best_acc": 0.9803,
      "final_acc": 0.9803,
      "total_time": 118.8494393825531,
      "avg_epoch": 4.753977575302124,
      "peak_mb": 1436.359375
    },
    "cpu": {
      "best_acc": 0.9817,
      "final_acc": 0.9795,
      "total_time": 416.5812990665436,
      "avg_epoch": 16.663251962661743,
      "peak_mb": -1
    }
  },
  "C4": {
    "mlx": {
      "best_acc": 0.969,
      "final_acc": 0.9631,
      "total_time": 108.63323545455933,
      "avg_epoch": 4.345329418182373,
      "peak_mb": 61.37456130981445
    },
    "mps": {
      "best_acc": 0.9784,
      "final_acc": 0.9746,
      "total_time": 224.3470549583435,
      "avg_epoch": 8.97388219833374,
      "peak_mb": 1453.40625
    },
    "cpu": {
      "best_acc": 0.9774,
      "final_acc": 0.9741,
      "total_time": 271.6314091682434,
      "avg_epoch": 10.865256366729737,
      "peak_mb": -1
    }
  },
  "C5": {
    "mlx": {
      "best_acc": 0.9498,
      "final_acc": 0.9498,
      "total_time": 66.20549535751343,
      "avg_epoch": 4.413699690500895,
      "peak_mb": 61.37345886230469
    },
    "mps": {
      "best_acc": 0.9709,
      "final_acc": 0.9686,
      "total_time": 135.3737087249756,
      "avg_epoch": 9.024913914998372,
      "peak_mb": 1453.40625
    },
    "cpu": {
      "best_acc": 0.97,
      "final_acc": 0.9637,
      "total_time": 166.2214229106903,
      "avg_epoch": 11.08142819404602,
      "peak_mb": -1
    }
  }
}