{
  "mlx_snn": {
    "accs": [
      0.9174,
      0.9166,
      0.9251,
      0.929,
      0.9211,
      0.9309,
      0.9355,
      0.939,
      0.9371,
      0.9375,
      0.9396,
      0.9332,
      0.9398,
      0.9469,
      0.9437
    ],
    "losses": [
      0.4502621468132747,
      0.28490321188847395,
      0.2818693202346373,
      0.24194251094609182,
      0.23707887409592487,
      0.21418101480329976,
      0.2108657092713852,
      0.19875902160684436,
      0.1909621914884429,
      0.19067467618058484,
      0.17760969531625065,
      0.18050692207428184,
      0.18097820678658322,
      0.16503211820144642,
      0.15625929608464495
    ],
    "times": [
      4.692224025726318,
      4.001028060913086,
      3.7870841026306152,
      4.108618974685669,
      3.6643359661102295,
      4.1961541175842285,
      4.435533046722412,
      4.591188192367554,
      4.0552098751068115,
      4.106496095657349,
      3.661703109741211,
      3.635601758956909,
      4.481801271438599,
      4.529165983200073,
      4.470347166061401
    ],
    "total_time": 62.416491746902466,
    "final_acc": 0.9437,
    "peak_memory_mb": 55.676307678222656
  },
  "snntorch": {
    "accs": [
      0.9608,
      0.9624,
      0.9672,
      0.9697,
      0.9642,
      0.9709,
      0.9673,
      0.9639,
      0.9709,
      0.9728,
      0.9682,
      0.9642,
      0.9653,
      0.9673,
      0.9693
    ],
    "losses": [
      0.22960160511420735,
      0.10788866320549488,
      0.08761487260603829,
      0.07537263326807571,
      0.07213104160915591,
      0.06866866339450833,
      0.05845012066603851,
      0.059051347878584855,
      0.05955229326387617,
      0.04741299919623222,
      0.051099585098172744,
      0.048176845540103916,
      0.05675455698542901,
      0.05849976864442833,
      0.047045826390167196
    ],
    "times": [
      11.837368965148926,
      12.90213418006897,
      13.047849893569946,
      12.857290029525757,
      12.01340913772583,
      10.83250093460083,
      11.508198738098145,
      8.831609964370728,
      11.863646984100342,
      11.282849073410034,
      11.414116144180298,
      11.570734024047852,
      9.960762977600098,
      12.377392768859863,
      11.853924036026001
    ],
    "total_time": 174.15378785133362,
    "final_acc": 0.9693,
    "peak_memory_mb": -1.0
  }
}